<?xml version="1.0" encoding="UTF-8"?>
<beans xmlns="http://www.springframework.org/schema/beans"
	xmlns:xsi="http://www.w3.org/2001/XMLSchema-instance" xmlns:p="http://www.springframework.org/schema/p"
	xmlns:context="http://www.springframework.org/schema/context"
	xmlns:aop="http://www.springframework.org/schema/aop" xmlns:tx="http://www.springframework.org/schema/tx"
	xsi:schemaLocation="http://www.springframework.org/schema/beans
	http://www.springframework.org/schema/beans/spring-beans.xsd
	http://www.springframework.org/schema/context
	http://www.springframework.org/schema/context/spring-context.xsd
	http://www.springframework.org/schema/aop
	http://www.springframework.org/schema/aop/spring-aop.xsd
	http://www.springframework.org/schema/tx
	http://www.springframework.org/schema/tx/spring-tx.xsd">

<!-- Properties Files -->
	<!-- <bean id="propertyConfigurer"
		  class="org.springframework.beans.factory.config.PropertyPlaceholderConfigurer">
		<property name="locations">
			<list>
				<value>classpath:properties/jdbc.properties</value>
			</list>
		</property>
	</bean> -->
	
	<!-- DataSource Configuration (NSG)-->
<!-- 	<bean id="dataSource" class="org.apache.commons.dbcp2.BasicDataSource" destroy-method="close">
		<property name="driverClassName" value="com.mysql.cj.jdbc.Driver"/>
		<property name="url" value="jdbc:mysql://127.0.0.1:3306/mboard?serverTimezone=Asia/Seoul&amp;useUniCode=yes&amp;characterEncoding=UTF-8"/>
		<property name="username" value="ssafy"/>
		<property name="password" value="ssafy"/>
		<property name="initialSize" value="5"/>
		<property name="minIdle" value="30"/>
		<property name="maxActive" value="20"/>
		<property name="maxWait" value="3000"/>
		<property name="poolPreparedStatements" value="true"></property>
		<property name="maxOpenPreparedStatements" value="50"></property>
	</bean> --> 
<!-- <bean id="dataSource" class="org.springframework.jdbc.datasource.SimpleDriverDataSource">
		<property name="driverClass" value="com.mysql.cj.jdbc.Driver"/>
		<property name="url" value="jdbc:mysql://127.0.0.1:3306/mboard?serverTimezone=Asia/Seoul&amp;useUniCode=yes&amp;characterEncoding=UTF-8"/>
		<property name="username" value="ssafy"/>
		<property name="password" value="ssafy"/>
 	</bean>  -->
	<bean id="dataSource" class="org.springframework.jndi.JndiObjectFactoryBean">
		<property name="jndiName" value="java:comp/env/jdbc/mymboard"></property>
	</bean>
	
	<bean id="sqlSessionFactoryBean" class="org.mybatis.spring.SqlSessionFactoryBean">
		<property name="dataSource" ref="dataSource"/>
		<property name="typeAliasesPackage" value="org.ssis.edu.*.model"/> 
		<property name="mapperLocations" value="classpath:mapper/*.xml"/>
	</bean> 
	
	<bean id="sqlSession" class="org.mybatis.spring.SqlSessionTemplate">
		<constructor-arg ref="sqlSessionFactoryBean"></constructor-arg>
	</bean>
	
	<bean id="transactionManager" class="org.springframework.jdbc.datasource.DataSourceTransactionManager">
		<property name="dataSource" ref="dataSource" />
	</bean>
	
	<tx:annotation-driven transaction-manager="transactionManager"/>
</beans>